Timestamp (LST=UTC-4), WS(m/s), WDv(deg), WDv(deg) simp, WDv(deg) des, Ta(C), RH(%), Prs(hPa), Prcp(mm), Prcp(mm), Snow(cm),Snow (mm), Rsw(W/m2)
2022-01-01,9.5,104.6,90,E,0.4,91.8,980.1,2.1,-2.1,0,0,95.7
2022-01-02,9.6,107.7,90,E,1.3,89.2,976,5.8,-5.8,0,0,146.6
2022-01-03,10.9,128.2,135,SE,0.7,92.8,969.2,12.5,-12.5,8,80,54
2022-01-04,2.4,126,135,SE,2.2,78.5,980.1,2.7,-2.7,0,0,234.2
2022-01-05,1.4,4.3,0,N,2,83.6,989.6,0.1,-0.1,0,0,179
2022-01-06,3.3,10,0,N,2,73.5,997.8,0,0,0,0,187.8
2022-01-07,5.4,325.7,315,NO,1.8,88,992.1,1.8,-1.8,0,0,109.2
2022-01-08,3.5,150.6,135,SE,2.8,91.8,985.1,2.3,-2.3,0,0,131.1
2022-01-09,5.9,308.5,315,NO,1.4,92.5,984.4,0.2,-0.2,0,0,101.7
2022-01-10,8.6,33.7,45,NE,2.4,83.7,965.7,1.9,-1.9,0,0,102.3
2022-01-11,7.5,136.2,135,SE,0.9,93.9,968.7,3.1,-3.1,0,0,109.3
2022-01-12,2.7,241.6,225,SO,1.1,94,983.3,0.4,-0.4,0,0,103.7
2022-01-13,3.6,347.9,0,N,1.8,87.3,988.8,1.1,-1.1,0,0,204.9
2022-01-14,4.5,34.3,45,NE,1.4,86.7,993.3,1.1,-1.1,0,0,129.6
2022-01-15,3.3,105.3,90,E,1.5,70.6,1002.8,0,0,0,0,275.1
2022-01-16,3.5,340.3,0,N,1.1,79.3,1003.4,1,-1,0,0,227.6
2022-01-17,5.2,288.4,270,O,2.1,77.2,996,0,0,0,0,280.3
2022-01-18,11.7,226.1,225,SO,2.3,73.8,988.1,0,0,0,0,234.5
2022-01-19,7,274,270,O,2,84.4,997.2,0,0,0,0,92.5
2022-01-20,8.2,307.1,315,NO,2.3,95.5,992.4,2.2,-2.2,0,0,79.4
2022-01-21,8.3,318.9,315,NO,2.9,93.6,990.5,0,0,0,0,148.2
2022-01-22,8.4,329,315,NO,4.1,87.1,988.1,1.6,-1.6,0,0,148.8
2022-01-23,5.4,342.4,0,N,3.5,86.6,989.9,0,0,0,0,227.4
2022-01-24,3.2,131.7,135,SE,2.7,90.2,983.1,17.8,-17.8,0,0,70.6
2022-01-25,4.6,158.6,180,S,2.2,92.4,987.4,2.6,-2.6,0,0,117.8
2022-01-26,7,275.6,270,O,2.1,84.3,990.6,0.9,-0.9,0,0,178.7
2022-01-27,6.4,222.4,225,SO,2.5,84.8,988,0.2,-0.2,0,0,146.5
2022-01-28,3.4,296.7,315,NO,2.5,79.4,1000.1,0,0,0,0,211.5
2022-01-29,3.3,343.4,0,N,2.2,80.1,1001.1,1.3,-1.3,0,0,141.6
2022-01-30,7.2,11.9,0,N,4.7,86.4,992.8,6.3,-6.3,0,0,65.5
2022-01-31,1.8,146.9,135,SE,1.2,95.3,975,11.9,-11.9,0,0,66.3
2022-02-01,5.5,293.5,315,NO,1.2,94.1,958.4,8.4,-8.4,0,0,89.5
2022-02-02,9.3,262.8,270,O,1.6,83.6,970.2,0,0,0,0,143.5
2022-02-03,11.5,230,225,SO,1.5,74.8,982.6,0,0,0,0,129
2022-02-04,6.9,255.6,270,O,3,82.9,994.5,0,0,0,0,267
2022-02-05,7.4,344.3,0,N,2.7,94.8,994.8,1.7,-1.7,0,0,81.3
2022-02-06,5.3,244.8,225,SO,2.2,92.4,996.4,1.8,-1.8,0,0,83.6
2022-02-07,11.4,360,0,N,7.4,81.6,1003.2,0.3,-0.3,0,0,116.8
2022-02-08,13.6,4.9,0,N,6.3,80.9,992.9,0,0,0,0,207.9
2022-02-09,5.6,344.6,0,N,3.7,87.3,1003,0,0,0,0,180.2
2022-02-10,1.7,273.2,270,O,1.3,94.7,1001.1,0.1,-0.1,0,0,114.8
2022-02-11,5,327,315,NO,1.4,94.9,988.4,0.7,-0.7,0,0,75.4
2022-02-12,6.4,193.4,180,S,2.4,83.4,970.3,0,0,0,0,78.7
2022-02-13,5,252.4,270,O,2,79,980,0,0,0,0,125.6
2022-02-14,8.8,283.3,270,O,2.2,79.3,983.6,1.1,-1.1,0,0,196.9
2022-02-15,8,350.4,0,N,2.5,90.7,975.7,3.4,-3.4,0,0,106.9
2022-02-16,5.5,13,0,N,1.9,89,981.6,1.7,-1.7,0,0,116.8
2022-02-17,5.3,72.6,90,E,2.1,88.6,972.7,4.1,-4.1,0,0,52.4
2022-02-18,7,98.3,90,E,0.5,88.4,987,0.9,-0.9,0.8,8,169
2022-02-19,9.6,242.9,225,SO,1.9,74.2,1002.2,0,0,0,0,217.2
2022-02-20,7.8,274.5,270,O,2.2,89.4,1007.9,0,0,0,0,122
2022-02-21,12.4,288.7,270,O,2.9,91.7,988,1.5,-1.5,0,0,46.2
2022-02-22,7.9,245,225,SO,2.1,88.1,986.6,0.5,-0.5,0,0,34.7
2022-02-23,7.2,273.4,270,O,2.2,87.1,995.3,0.4,-0.4,0,0,97.7
2022-02-24,7.2,325.6,315,NO,2.1,94.7,984,2.4,-2.4,0,0,39.3
2022-02-25,4.1,319.9,315,NO,1.4,88,987.8,0,0,0,0,85.8
2022-02-26,7.3,335.9,315,NO,2.3,88,985.2,0.5,-0.5,0,0,78.5
2022-02-27,7.2,349.8,0,N,2.6,91.1,983.3,2.5,-2.5,0,0,81.2
2022-02-28,1.9,311.8,315,NO,0.7,92.3,987.9,0.1,-0.1,0,0,113.7
2022-03-01,3.7,95,90,E,0.7,83.8,993.4,0.1,-0.1,0,0,118.5
2022-03-02,3.1,34.6,45,NE,0.4,80.7,1003.6,0,0,0,0,47
2022-03-03,3.8,41.9,45,NE,0.4,71.9,1006.9,0,0,0,0,140.5
2022-03-04,4.9,80.8,90,E,0.2,75.3,1002.7,0,0,0,0,47.7
2022-03-05,7.6,114,135,SE,0.3,90.8,999.5,2.6,-2.6,0,0,41.7
2022-03-06,5.5,92.9,90,E,0.9,85.9,1003.1,0.3,-0.3,0,0,118.2
2022-03-07,1.7,58.6,45,NE,1.9,80.8,1006.2,0,0,0,0,54.4
2022-03-08,2.8,18.5,0,N,2.1,73.3,1006.3,0,0,0,0,126.8
2022-03-09,10.9,4.1,0,N,3.1,85.6,1001.4,1.8,-1.8,0,0,60
2022-03-10,4.9,289,270,O,2.5,85.9,1005.7,0,0,0,0,167.7
2022-03-11,9.8,323.1,315,NO,2.6,84.6,998.1,0.2,-0.2,0,0,124.4
2022-03-12,5.5,304.6,315,NO,1.9,94.3,991.8,0.2,-0.2,0,0,56.6
2022-03-13,6.2,90.8,90,E,1.2,88.2,982.6,0.1,-0.1,0,0,68.6
2022-03-14,9.5,99.2,90,E,-2.7,85.8,988.8,0,0,0,0,63.4
2022-03-15,11.3,94.8,90,E,-2.7,91.2,990.3,0,0,9,90,49
2022-03-16,10.1,105,90,E,-4.3,89.3,989.9,0,0,2,20,64.5
2022-03-17,4.8,275.5,270,O,0.1,79,996.2,0,0,0,0,112
2022-03-18,5.7,236.2,225,SO,0.1,71.5,1004.6,0,0,0,0,69
2022-03-19,7.5,292.8,315,NO,1.6,93.2,1004.8,0,0,0,0,37.8
2022-03-20,10.3,331.8,315,NO,1.9,91.6,989.1,3.1,-3.1,0,0,31.3
2022-03-21,9.1,326.1,315,NO,1.4,90,975,0.5,-0.5,0,0,64.8
2022-03-22,10.6,343.9,0,N,2.2,88.8,969.5,3,-3,2,20,26.2
2022-03-23,10.6,279.2,270,O,1.1,74.1,990.8,0,0,0,0,93.5
2022-03-24,11.5,351,0,N,2.2,86.7,993.4,6.8,-6.8,0,0,33.2
2022-03-25,10,343,0,N,2.6,89.3,991.4,1.6,-1.6,0,0,46.5
2022-03-26,5,336.8,315,NO,2.6,88.7,991.9,0,0,0,0,77.1
2022-03-27,7.9,105.2,90,E,0.8,92.5,984.2,3.5,-3.5,1,10,17.5
2022-03-28,6.6,123.4,135,SE,-2.1,96,981.2,0,0,8,80,35.2
2022-03-29,3.9,286.4,270,O,-0.8,94.9,992,0.6,-0.6,1,10,115.7
2022-03-30,4.2,6.5,0,N,0,84.4,995.3,0.1,-0.1,0,0,37.8
2022-03-31,7.7,342.9,0,N,2,86,981.5,5.6,-5.6,0,0,33.8
2022-04-01,8.8,299.7,315,NO,2.1,87.7,978,0.6,-0.6,0,0,50.2
2022-04-02,7,333.2,315,NO,1.7,93,987.5,1.1,-1.1,0,0,39
2022-04-03,11.6,5.8,0,N,2.4,87.8,974.3,8.9,-8.9,0,0,27.6
2022-04-04,7.3,22.5,0,N,1,86.3,972.6,0.7,-0.7,0,0,62.7
2022-04-05,7.7,82.7,90,E,-2.9,82.5,981.6,0,0,1,10,54.1
2022-04-06,6.1,89.8,90,E,-4.5,78.1,990.5,0,0,1,10,38.1
2022-04-07,4.2,259.8,270,O,-1.7,70.1,1003.6,0,0,0,0,74.7
2022-04-08,7.3,301.8,315,NO,1.2,88.1,1004.2,0,0,0,0,23.1
2022-04-09,11.1,312.1,315,NO,1.7,90.7,986.7,6.2,-6.2,0,0,32.5
2022-04-10,9.8,285.7,270,O,1.4,85.2,981,0.4,-0.4,0,0,60.5
2022-04-11,8.9,310.9,315,NO,1.2,87.2,984.4,1.5,-1.5,0,0,28.4
2022-04-12,12.9,359.6,0,N,2.3,88.8,974.7,17.9,-17.9,0,0,14.8
2022-04-13,6.6,61.5,45,NE,-0.7,88.2,971.4,0.3,-0.3,1,10,52.5
2022-04-14,6.5,312.4,315,NO,0.9,93.6,971.5,3.4,-3.4,3,30,17.7
2022-04-15,4.3,276.2,270,O,0.9,91.8,981.7,5.8,-5.8,3,30,21.7
2022-04-16,8.8,223.8,225,SO,-0.5,69.8,998.8,0,0,0,0,15.3
2022-04-17,5.3,274.9,270,O,0,71.9,1004.8,0,0,0,0,50.1
2022-04-18,6.1,39.1,45,NE,0.9,88.1,990.7,1.3,-1.3,0,0,17.1
2022-04-19,7,9.2,0,N,1.9,83.6,997.9,0,0,0,0,21.6
2022-04-20,7.6,357.7,0,N,2.2,88.1,982.1,3.5,-3.5,0,0,22.8
2022-04-21,5,94.6,90,E,-0.2,88.5,978.5,1.8,-1.8,0,0,19.9
2022-04-22,4.7,316.7,315,NO,-0.1,90.1,986.8,0,0,0,0,20.3
2022-04-23,9.9,5.4,0,N,1.6,83.4,986.5,2.1,-2.1,0,0,30
2022-04-24,4.9,9.8,0,N,1.6,88.5,991.5,1.1,-1.1,0,0,37.6
2022-04-25,10.4,96.7,90,E,-1.6,87.7,988.1,0,0,0,0,21.7
2022-04-26,9.2,97.4,90,E,-5.6,86.8,993.1,0,0,3,30,13.8
2022-04-27,4.6,343.2,0,N,-3.4,78.9,994.2,0,0,0,0,15.8
2022-04-28,9.1,100.8,90,E,-7.5,81.2,994.4,0,0,4,40,22.4
2022-04-29,5.8,79.2,90,E,-7.3,74,1006.7,0,0,0,0,39.2
2022-04-30,7,294.5,315,NO,-2.4,79.6,1008.5,0,0,0,0,14.9
2022-05-01,7.7,324.6,315,NO,1,95.5,996.3,3.1,-3.1,0,0,9.4
2022-05-02,6.8,341.4,0,N,0.8,90.9,986.2,2.2,-2.2,0,0,14.1
2022-05-03,8.7,79.2,90,E,-4.6,85.3,977.1,0.1,-0.1,0,0,14.3
2022-05-04,12.1,80.5,90,E,-8.9,84.6,975.6,0,0,1,10,5.7
2022-05-05,9.4,355.5,0,N,0.8,88.5,976.7,2.2,-2.2,0,0,7.2
2022-05-06,8,314.8,315,NO,-0.5,84,983.1,0,0,0,0,14.9
2022-05-07,13.5,83.9,90,E,-9.1,84.2,986.1,0,0,0,0,11.6
2022-05-08,18,89.1,90,E,-13.2,83.8,980.8,0,0,0,0,7.7
2022-05-09,13.4,91.3,90,E,-10.7,84.6,989.9,0,0,0,0,5.3
2022-05-10,7.6,24.1,45,NE,-3.8,89,1000.2,0.8,-0.8,2,20,15.2
2022-05-11,11,329.2,315,NO,1.7,93.8,994.3,4.2,-4.2,0,0,5.3
2022-05-12,6.3,302.7,315,NO,0.7,94.1,1007.3,0,0,0,0,7.5
2022-05-13,6.3,358.2,0,N,2.4,84.5,1013.1,0,0,0,0,20
2022-05-14,9.2,359.8,0,N,2.6,88.7,1003.6,0.6,-0.6,0,0,8.9
2022-05-15,8.5,300.3,315,NO,0.7,91.7,1007.8,0.3,-0.3,0,0,5.9
2022-05-16,13.9,303.8,315,NO,1.5,84,996.3,9.1,-9.1,0,0,2.5
2022-05-17,6.5,279.6,270,O,0.3,79.1,1013.4,0,0,0,0,18.1
2022-05-18,8.9,340.8,0,N,0.7,91.9,1003.6,0.1,-0.1,0,0,4.6
2022-05-19,6.4,319.7,315,NO,1.1,92.8,1003.9,0.1,-0.1,0,0,4.9
2022-05-20,7.5,326.5,315,NO,2.8,91.3,1000.5,0.1,-0.1,0,0,7.6
2022-05-21,7.3,11.5,0,N,1.5,88.3,992.1,0,0,0,0,12.8
2022-05-22,7.5,305.9,315,NO,0.3,89.6,987.4,0.3,-0.3,0,0,5.2
2022-05-23,6.3,169.2,180,S,-2,88.2,984.3,0,0,0,0,5
2022-05-24,7.8,276.2,270,O,-1.3,85.2,978.3,0,0,2,20,3.7
2022-05-25,8.6,131.4,135,SE,-6.1,80.4,981.8,0,0,2,20,11.7
2022-05-26,7.3,108.4,90,E,-6.9,78.8,981.6,0,0,1,10,11.1
2022-05-27,3.4,124,135,SE,-6,65.8,990.1,0,0,0,0,7.5
2022-05-28,5.1,167.3,180,S,-5.8,59.2,997.6,0,0,0,0,10.1
2022-05-29,3.4,353.2,0,N,-3.5,75.3,1000.5,0,0,0,0,7
2022-05-30,6.6,97.8,90,E,-3.4,75.3,1002.7,0,0,0,0,6.3
2022-05-31,7.3,323.4,315,NO,-3.9,84.2,1008.2,0,0,0,0,3.2
2022-06-01,8.1,268.6,270,O,-1,82.6,999.5,0,0,0,0,4.2
2022-06-02,10.9,319.2,315,NO,-0.7,84.4,991.5,0.1,-0.1,0,0,3.9
2022-06-03,12.9,332.8,315,NO,0.4,82.2,978.3,2.6,-2.6,0,0,5.2
2022-06-04,15.6,336.2,315,NO,0.7,77.7,968.6,2.5,-2.5,0,0,2.4
2022-06-05,14.6,349.7,0,N,1.6,87.2,971.5,10.2,-10.2,0,0,3.2
2022-06-06,12.3,352.7,0,N,1.4,88.4,968.3,4.8,-4.8,0,0,1.6
2022-06-07,14.4,358.3,0,N,1.5,85.2,984.4,2.3,-2.3,0,0,1
2022-06-08,14.3,5.7,0,N,2.2,87.3,989.9,13.2,-13.2,0,0,2.2
2022-06-09,3.4,233.2,225,SO,-0.9,86.7,1004.3,0.3,-0.3,3,30,5.5
2022-06-10,11.1,5.8,0,N,0.2,81.4,1002.5,0,0,0,0,4.1
2022-06-11,10.6,321.6,315,NO,0.4,85,985.6,1.8,-1.8,5,50,1.8
2022-06-12,4.5,291.9,270,O,-1,91.4,988,0.1,-0.1,5,50,4
2022-06-13,8,316.8,315,NO,-0.6,91.5,983.3,0,0,0,0,3.3
2022-06-14,10.6,250.3,270,O,-2.8,72.6,984,0,0,0,0,3.1
2022-06-15,10.1,29.5,45,NE,-2,89.9,971.6,0,0,3,30,0.9
2022-06-16,10.6,100,90,E,-8.3,86.4,981.9,0,0,6,60,3.6
2022-06-17,6.9,161.3,180,S,-6.2,69.2,992.7,0,0,2,20,2.2
2022-06-18,6.7,136.2,135,SE,-6.6,67.3,997,0,0,0,0,2.8
2022-06-19,6.5,99.5,90,E,-7.7,62.4,1002.3,0,0,0,0,6.9
2022-06-20,6.1,262.2,270,O,-3.5,79.2,998.9,0,0,0,0,2.8
2022-06-21,9.1,100.3,90,E,-8.8,80.6,995.2,0,0,4,40,3.3
2022-06-22,9.1,97.9,90,E,-10.2,81.7,996.2,0,0,4,40,3.8
2022-06-23,2.9,328.2,315,NO,-5.5,75.3,1003.3,0,0,0,0,5.8
2022-06-24,3.6,302,315,NO,-1.3,86.5,997.1,0,0,0,0,2.8
2022-06-25,6,313.6,315,NO,-0.4,92.3,988.5,0,0,2,20,2.9
2022-06-26,7.4,88.2,90,E,-4.2,91.4,968.5,0,0,4,40,3.1
2022-06-27,4.7,68.5,90,E,-4.6,83.4,979.8,0,0,4,40,3.4
2022-06-28,7.3,355.3,0,N,0,88.6,981.3,0,0,4,40,2.4
2022-06-29,5.1,81.2,90,E,-5.4,87.3,984.4,0,0,0,0,2.7
2022-06-30,4,47.1,45,NE,-5.1,84.4,991.8,0,0,0,0,3.7
2022-07-01,5.7,63.6,45,NE,-8.3,79.5,1000.5,0,0,0,0,4.3
2022-07-02,6.1,78.8,90,E,-10.1,81.1,1005.6,0,0,2,20,7.2
2022-07-03,6,7,0,N,-3.1,80.8,1004.9,0,0,0,0,5.2
2022-07-04,8.7,2.2,0,N,0.8,85.5,999.5,0,0,0,0,3.6
2022-07-05,5.8,55.7,45,NE,1.9,82.9,989.5,2.2,-2.2,0,0,4.2
2022-07-06,3.7,6.6,0,N,-0.8,86,982.5,0,0,1,10,8.7
2022-07-07,3.9,322,315,NO,-2.8,88.2,987,0,0,2,20,10.9
2022-07-08,5,272.7,270,O,-3,83.6,984.6,0,0,0,0,3.5
2022-07-09,4.2,238.9,225,SO,-4.4,80.4,988.1,0,0,4,40,7.9
2022-07-10,3.3,229.6,225,SO,-4.5,76.7,1001.8,0,0,0,0,3.6
2022-07-11,6.3,279.9,270,O,-1.1,85.9,1006.7,0,0,0,0,6.4
2022-07-12,6.1,312.1,315,NO,-1.9,92,1012.2,0,0,0,0,8.1
2022-07-13,7,274.8,270,O,-1.2,88.6,1015.1,0,0,0,0,6.9
2022-07-14,6.4,280.8,270,O,-1.1,86.8,1012.3,0,0,0,0,6.1
2022-07-15,8.2,316.7,315,NO,-1.5,93.2,1014.1,0,0,0,0,8.1
2022-07-16,12.5,349.6,0,N,0.1,90.1,997.6,0.1,-0.1,2,20,6.5
2022-07-17,10.8,8.2,0,N,0.5,93.7,990,0.4,-0.4,2,20,4
2022-07-18,6.4,60.1,45,NE,-1.4,88.2,980.2,0,0,6,60,4.4
2022-07-19,13.2,92.2,90,E,-8.1,86.7,970.1,0,0,2,20,10.1
2022-07-20,10.1,88.7,90,E,-10,75.9,972.1,0,0,1,10,8.6
2022-07-21,9.4,69.4,90,E,-9.1,75.1,976.2,0,0,2,20,6.3
2022-07-22,3.9,108.3,90,E,-6.6,69.8,985.3,0,0,0,0,13.7
2022-07-23,3.6,318.4,315,NO,-5.1,76.8,994,0,0,0,0,21.9
2022-07-24,10.2,302,315,NO,-0.9,88.9,986.8,0,0,6,60,6.1
2022-07-25,10.8,261.4,270,O,-2.4,82.8,975.7,0,0,4,40,8.6
2022-07-26,12.8,283.8,270,O,-0.1,88.7,983.3,0,0,6,60,12.9
2022-07-27,9.8,313,315,NO,-0.1,96.8,974.8,0,0,8,80,8.5
2022-07-28,5.2,35.8,45,NE,-2.1,81.5,972.2,0,0,0,0,24.2
2022-07-29,7.2,313.3,315,NO,-1.5,83.4,963,0,0,2,20,14.1
2022-07-30,11.6,68.3,90,E,-5.8,84.9,967.4,0,0,2,20,16
2022-07-31,11.3,122.9,135,SE,-6.6,81.6,981.2,0,0,4,40,8.2
2022-08-01,7.5,4.6,0,N,-1,77.7,993,0.7,-0.7,2,20,19.6
2022-08-02,11.8,313.9,315,NO,-0.4,89.1,991.3,4.6,-4.6,4,40,4.8
2022-08-03,5.3,194.6,180,S,-3.6,73.2,1011.3,0,0,0,0,24.8
2022-08-04,3.4,44.3,45,NE,-6.8,73.3,1019,0,0,0,0,23.1
2022-08-05,10.4,321.8,315,NO,-2,82.4,1009,0.1,-0.1,1,10,19.1
2022-08-06,9.1,286.5,270,O,-0.9,85.6,1011.8,0,0,0,0,9
2022-08-07,9.8,290.7,270,O,-0.2,91.9,1009.9,0,0,1,10,18
2022-08-08,7.6,316.9,315,NO,-0.5,95.6,1011.1,0,0,1,10,13.5
2022-08-09,6.2,2.3,0,N,0.6,87.9,1002.9,0,0,2,20,22.4
2022-08-10,8.2,354.4,0,N,0.2,89.7,996.1,0,0,1,10,19.7
2022-08-11,6.9,324.4,315,NO,0,87.5,998.2,0,0,0,0,18
2022-08-12,5.3,348.9,0,N,-0.1,77.7,994.9,0,0,0,0,31
2022-08-13,8.2,109,90,E,-2.3,83.7,990.4,0.1,-0.1,4,40,21.3
2022-08-14,9.2,102.6,90,E,-3.6,71.1,989.3,0,0,0,0,26
2022-08-15,15.3,108.4,90,E,-7.1,77,992.5,0,0,4,40,25.5
2022-08-16,10.6,101.3,90,E,-8.7,68.6,1000.8,0,0,0,0,46.2
2022-08-17,5.5,319.8,315,NO,-5.6,70.9,1006.6,0,0,0,0,37.4
2022-08-18,11.2,353.9,0,N,-2,84,993.8,0,0,6,60,33
2022-08-19,4.7,317.1,315,NO,-1,91.5,985.9,0,0,0,0,27
2022-08-20,4.1,340.7,0,N,-1.1,85.4,1001,0,0,0,0,50.2
2022-08-21,9.5,352.4,0,N,0.4,92.9,992.5,1.1,-1.1,6,60,13.5
2022-08-22,8.7,315,315,NO,-0.1,91.4,982.5,0,0,2,20,23
2022-08-23,13.4,336.6,315,NO,-0.1,93.3,975.4,0.3,-0.3,1,10,13.2
2022-08-24,11,339.1,0,N,-0.4,88.8,971,0,0,0,0,34.2
2022-08-25,9.5,335.1,315,NO,-0.7,87.8,966.4,0,0,1,10,32.4
2022-08-26,11.2,83.3,90,E,-5.6,86.4,969.1,0,0,6,60,36.9
2022-08-27,3.6,117.6,135,SE,-5.9,75.3,989.4,0,0,0,0,49.7
2022-08-28,4,332.4,315,NO,-3.7,80.4,995.9,0,0,0,0,27.6
2022-08-29,9.1,305.3,315,NO,-0.3,87.8,984.1,0,0,0,0,24.8
2022-08-30,8,324.1,315,NO,0,92.2,994.5,0,0,0,0,34.9
2022-08-31,11.5,346.8,0,N,0.6,95.1,988.2,0.9,-0.9,0,0,27.3
2022-09-01,10.3,345.7,0,N,0.6,90.4,984.5,0.3,-0.3,0,0,38.5
2022-09-02,8.5,286.8,270,O,-0.9,84.4,981.5,0,0,0,0,43.3
2022-09-03,8.9,247.3,225,SO,-2.5,71.1,987.3,0,0,0,0,89.1
2022-09-04,7.7,314,315,NO,-1.3,88.5,987.8,0,0,1,10,27.4
2022-09-05,10,43,45,NE,-1.1,86.9,962.3,0.8,-0.8,4,40,25.9
2022-09-06,11.7,121.8,135,SE,-8,80.1,978.9,0,0,2,20,44.9
2022-09-07,7.4,8.2,0,N,-5.8,76.5,1002.7,0,0,2,20,51.8
2022-09-08,10,347.2,0,N,-1.1,81.4,997.8,0,0,0,0,75.3
2022-09-09,12.5,339.3,0,N,0.4,94.3,974.3,0.7,-0.7,0,0,28
2022-09-10,7.8,303.6,315,NO,-0.2,93.8,978,0.1,-0.1,6,60,34.4
2022-09-11,11.1,325.8,315,NO,0,94.6,981.1,0.2,-0.2,1,10,23.1
2022-09-12,9.1,291.8,270,O,-0.1,89.2,995,0.1,-0.1,1,10,66.4
2022-09-13,11.8,351,0,N,1.1,85.5,1002.4,0.2,-0.2,0,0,72.8
2022-09-14,14.1,347.2,0,N,0.9,84.9,988.7,0.7,-0.7,0,0,48.8
2022-09-15,12.1,351.6,0,N,0.5,86,979,0.3,-0.3,3,30,41
2022-09-16,10.2,298,315,NO,-1.2,86,980.8,0,0,2,20,76
2022-09-17,5.1,234.7,225,SO,-1.9,93.4,987.2,0,0,3,30,72.1
2022-09-18,7.3,272,270,O,-0.8,88.9,1007.3,0,0,0,0,51.5
2022-09-19,8.3,296.3,315,NO,-0.1,96,1014,0.1,-0.1,0,0,56.8
2022-09-20,2.4,319.2,315,NO,0,95.8,1012.7,0.1,-0.1,0,0,33
2022-09-21,9.6,355.5,0,N,1.4,85.6,1005.1,1.1,-1.1,0,0,114.2
2022-09-22,13.2,349.5,0,N,1.2,91.1,992.5,1.8,-1.8,0,0,44.2
2022-09-23,11.3,357.4,0,N,1.8,84.1,996.7,0.2,-0.2,0,0,68.5
2022-09-24,5.6,330.5,315,NO,0,90.8,990.8,0.2,-0.2,2,20,83.8
2022-09-25,4.7,320,315,NO,-1.3,86.5,986.1,0.2,-0.2,0,0,68.3
2022-09-26,5.7,86.4,90,E,-2.2,77.5,985.2,0,0,0,0,88
2022-09-27,11.4,109,90,E,-6.8,88,983.5,0,0,3,30,49.9
2022-09-28,10.6,357.8,0,N,-1.5,84.6,992.5,1.7,-1.7,0,0,77.8
2022-09-29,9.2,326.7,315,NO,0.6,91.2,988.4,0,0,2,20,35.1
2022-09-30,10.4,326,315,NO,0.1,95.1,983.4,0.3,-0.3,3,30,57.8
2022-10-01,9.2,287.8,270,O,-0.1,89.4,986.6,0,0,1,10,67.4
2022-10-02,11.1,276.2,270,O,0.5,87.7,994.2,0.1,-0.1,1,10,69.4
2022-10-03,5.6,297.1,315,NO,-0.7,81.9,1002.9,0,0,0,0,89.1
2022-10-04,3.1,42.1,45,NE,0.9,86.5,993.1,5.4,-5.4,2,20,91.4
2022-10-05,7,342.5,0,N,1.7,87.9,983.9,0.7,-0.7,0,0,72.5
2022-10-06,6.7,339.1,0,N,-0.3,93.1,984.2,0.5,-0.5,0,0,103.9
2022-10-07,7.3,298.7,315,NO,-0.4,89.7,977.5,0,0,1,10,88.7
2022-10-08,9.5,304.6,315,NO,-0.6,83.9,973.4,0,0,2,20,106.3
2022-10-09,14.8,301.6,315,NO,0.8,86,951.9,1,-1,1,10,59.4
2022-10-10,9.4,272.8,270,O,-0.4,78.1,972.4,0,0,0,0,112.8
2022-10-11,9.9,344.1,0,N,0.6,90.5,979.2,0.9,-0.9,0,0,80.6
2022-10-12,5.4,76.9,90,E,-1,89.6,972.4,0.3,-0.3,1,10,87.9
2022-10-13,7.8,251.3,270,O,-0.7,81.8,979.9,0.1,-0.1,0,0,130.9
2022-10-14,6.4,325,315,NO,-0.1,93.4,983.2,0.5,-0.5,0,0,70
2022-10-15,9.1,244.9,225,SO,0.5,86.6,977.6,0.4,-0.4,0,0,131.8
2022-10-16,11.5,276.1,270,O,0,80.4,988.5,0.2,-0.2,0,0,154.3
2022-10-17,12.9,306.7,315,NO,1.2,88.3,978,1.6,-1.6,0,0,109.9
2022-10-18,10.7,309.8,315,NO,0.4,85,978.1,0,0,0,0,191.5
2022-10-19,10.7,290.1,270,O,-0.6,79,973.9,0,0,2,20,157.9
2022-10-20,9.3,292.9,315,NO,-1,78,972.4,0,0,2,20,168.8
2022-10-21,5.8,288.6,270,O,-1.6,75.5,968.1,0,0,3,30,116.6
2022-10-22,8.3,255.3,270,O,-2.3,67.5,978.4,0,0,1,10,187.8
2022-10-23,6.6,299.4,315,NO,-0.8,76.6,991.6,0,0,0,0,210.8
2022-10-24,5.1,14,0,N,-0.9,74.8,991.6,0,0,1,10,182.8
2022-10-25,4.2,334.8,315,NO,0.6,91.3,990.8,0,0,0,0,173.1
2022-10-26,6.9,34.8,45,NE,0,80.2,986.9,0.9,-0.9,1,10,93.9
2022-10-27,13,101,90,E,-1.9,91.1,967.7,1.2,-1.2,2,20,91
2022-10-28,11.4,107.4,90,E,-4.4,90.4,968,0,0,2,20,66.9
2022-10-29,3.4,109.4,90,E,-4.1,77.1,975.4,0,0,0,0,166.3
2022-10-30,4.4,214.2,225,SO,-2.1,67.1,988.8,0,0,0,0,266.7
2022-10-31,9.2,308.7,315,NO,-0.1,88,980.2,0.7,-0.7,0,0,90.3
2022-11-01,9.4,265.5,270,O,0.1,87,984.1,0,0,0,0,80.8
2022-11-02,8.2,309.9,315,NO,0.8,92.7,992.1,0.5,-0.5,0,0,107.2
2022-11-03,9.9,315.5,315,NO,0.8,94.3,987.5,1.2,-1.2,0,0,82.5
2022-11-04,13.2,267.6,270,O,0,78.5,982.3,0.3,-0.3,0,0,131.8
2022-11-05,7.9,315.9,315,NO,0.4,82.9,996.7,0.3,-0.3,0,0,241.8
2022-11-06,12.4,325.8,315,NO,1.4,95.2,992,0.9,-0.9,0,0,87.5
2022-11-07,10,321.2,315,NO,1.1,91.3,983.2,0.8,-0.8,0,0,112
2022-11-08,12.8,312.2,315,NO,1.2,88.7,968.9,2.2,-2.2,0,0,144.3
2022-11-09,8.5,279.5,270,O,0.2,83.6,979.6,0,0,0,0,130.5
2022-11-10,8.1,275.7,270,O,0.2,82.9,992.1,0,0,0,0,236.9
2022-11-11,9.9,290.3,270,O,0.6,91,992.7,0.1,-0.1,0,0,133.3
2022-11-12,9.1,292.9,315,NO,0.9,92.9,995.8,0,0,0,0,66.9
2022-11-13,11.2,328.3,315,NO,1.2,92.3,990.6,3,-3,0,0,80.3
2022-11-14,8.8,333.4,315,NO,1.2,95.8,989.2,1.2,-1.2,0,0,104.9
2022-11-15,7.6,352.2,0,N,3.5,89.8,986.6,0.7,-0.7,0,0,168.3
2022-11-16,10.6,318.7,315,NO,1.9,86.8,985.1,2.6,-2.6,0,0,143.2
2022-11-17,8,343.7,0,N,2.2,87.4,990.7,2.3,-2.3,0,0,178.9
2022-11-18,9.6,336.4,315,NO,1.9,92.6,986.9,2,-2,0,0,66.4
2022-11-19,8.3,345.8,0,N,1.9,91,980.7,7.4,-7.4,0,0,106
2022-11-20,9.7,306.7,315,NO,1.1,89.7,982.5,0.6,-0.6,0,0,151.1
2022-11-21,10.2,336.7,315,NO,1.7,94,988.7,6.9,-6.9,0,0,74.9
2022-11-22,10,322.5,315,NO,1.4,92.4,979.5,2.6,-2.6,0,0,132.9
2022-11-23,6.1,358,0,N,1.8,90.1,971.4,3.5,-3.5,0,0,112.3
2022-11-24,11.9,329.5,315,NO,1.7,88.3,972.8,3.1,-3.1,0,0,172.4
2022-11-25,11.1,313.9,315,NO,1.8,84.2,971.7,0,0,0,0,199.6
2022-11-26,10.4,276.7,270,O,1.1,78.9,983.8,0,0,0,0,276.3
2022-11-27,9,307.2,315,NO,1.2,89.3,994.1,3.1,-3.1,0,0,144.6
2022-11-28,10.9,340.8,0,N,2.3,95.1,984.5,6,-6,0,0,88.2
2022-11-29,10.8,310.5,315,NO,1,89,965,1.2,-1.2,0,0,187.8
2022-11-30,14.3,295.4,315,NO,1,78.5,959.5,0.4,-0.4,0,0,194.1
2022-12-01,10.7,294.3,315,NO,0.9,79.7,966.9,0,0,0,0,274.5
2022-12-02,6.1,299.3,315,NO,1.2,84.8,971.3,0,0,0,0,265.5
2022-12-03,7,277.3,270,O,0.9,79.8,970.2,0,0,0,0,281.1
2022-12-04,5.5,320.2,315,NO,1,80,974.2,0,0,0,0,261.4
2022-12-05,5.9,106.8,90,E,0.4,73.5,977.1,0,0,0,0,235.1
2022-12-06,5.4,265.4,270,O,0.6,77.8,982.9,0.3,-0.3,0,0,282.1
2022-12-07,6,110.1,90,E,0.5,69.9,981.2,0,0,0,0,290.7
2022-12-08,6.5,263.1,270,O,0.4,74.5,984.8,0,0,0,0,287.7
2022-12-09,7,229.9,225,SO,0,79.6,981.5,0.1,-0.1,0,0,128.9
2022-12-10,4,97.6,90,E,-1.5,66,990.4,0,0,0,0,151.5
2022-12-11,4,258.8,270,O,0.6,62,998.1,0,0,0,0,373.9
2022-12-12,2.6,333.8,315,NO,0.9,62.5,994.9,0,0,0,0,311.2
2022-12-13,3.5,8.4,0,N,1.3,65.3,990,0,0,0,0,263.1
2022-12-14,8.3,346.5,0,N,2.5,88.4,989,0.1,-0.1,0,0,124.8
2022-12-15,7.6,338.3,0,N,2.5,85.8,995.7,0.5,-0.5,0,0,244.2
2022-12-16,8,346.4,0,N,3.3,85.3,993.2,0.7,-0.7,0,0,260.9
2022-12-17,8.8,335.6,315,NO,3.9,90.7,976.6,13.3,-13.3,0,0,82
2022-12-18,8.5,327.1,315,NO,2.3,93.3,986.2,0.4,-0.4,0,0,102.6
2022-12-19,9,322.6,315,NO,2.6,92.7,990.2,2.1,-2.1,0,0,128.8
2022-12-20,9.6,330.3,315,NO,2.9,94.4,993.6,4.4,-4.4,0,0,128
2022-12-21,9.5,337.8,0,N,3.8,92,994.9,2.6,-2.6,0,0,48
2022-12-22,7.1,332.8,315,NO,3.7,95.4,991.4,2.2,-2.2,0,0,69.4
2022-12-23,4.3,172.1,180,S,2.9,74.7,997.3,0.1,-0.1,0,0,366.1
2022-12-24,7.8,336.7,315,NO,2.5,84.8,991.7,1.5,-1.5,0,0,218.5
2022-12-25,8.6,276,270,O,2.4,91.1,984.4,0,0,0,0,152.4
2022-12-26,4,315.9,315,NO,2.2,92.2,979.6,0.7,-0.7,0,0,130.5
2022-12-27,7.3,97.1,90,E,0.9,76.3,984.6,1.2,-1.2,0,0,279
2022-12-28,7.2,323.4,315,NO,1.2,75.5,987.5,0,0,0,0,223.6
2022-12-29,9.7,110.9,90,E,0.9,88.3,969.9,1.1,-1.1,0,0,90.2
2022-12-30,6.8,114.3,135,SE,0.6,79.9,983.1,0.7,-0.7,0,0,332.1
2022-12-31,6.4,338.9,0,N,1.9,83.8,990.3,0,0,0,0,195.5
2023-01-01,8.7,101.8,90,E,2.1,88.3,974.8,10.1,-10.1,0,0,59.8
2023-01-02,8.1,127.8,135,SE,1.3,80.3,972.4,1.2,-1.2,0,0,271
2023-01-03,1.7,306.2,315,NO,1.1,85.5,975.8,0.4,-0.4,0,0,185.9
2023-01-04,4,35.5,45,NE,0.9,83.5,980.6,2.7,-2.7,1.5,15,192.4
2023-01-05,5.2,287.8,270,O,2.9,82.1,991.1,0,0,0,0,280.1
2023-01-06,11.5,349.3,0,N,3.9,85.7,987,7.4,-7.4,0,0,300.4
2023-01-07,9.2,336,315,NO,4.1,87.4,997.1,0,0,0,0,217.2
2023-01-08,8.3,332.6,315,NO,4.2,90.6,1001.8,0.5,-0.5,0,0,91.1
2023-01-09,6.7,306.6,315,NO,4.1,88.1,984.7,4,-4,0,0,200
2023-01-10,12.4,255.3,270,O,3,74.7,991.1,0,0,0,0,310.5
2023-01-11,8.1,301.7,315,NO,2.6,95,997.8,0.1,-0.1,0,0,68.4
2023-01-12,8.6,333.8,315,NO,2.4,88.8,988.7,1.3,-1.3,0,0,142.6
2023-01-13,4.3,316.7,315,NO,2.2,94.9,974.7,0.2,-0.2,0,0,122.5
2023-01-14,7.7,296.3,315,NO,2.6,83.7,981,1.2,-1.2,0,0,193.6
2023-01-15,9.6,307,315,NO,3.5,86.8,979.9,2.2,-2.2,0,0,273.9
2023-01-16,8.5,285.3,270,O,2.8,84.1,981.5,0.3,-0.3,0,0,252.1
2023-01-17,10.9,287.5,270,O,3,81.4,988.8,7.4,-7.4,0,0,302.4
2023-01-18,10.6,289.8,270,O,4,87.7,984.5,2,-2,0,0,118.8
2023-01-19,10.3,288,270,O,4,87.5,988.6,0.2,-0.2,0,0,180.4
2023-01-20,8,286.5,270,O,3.4,90.3,996.2,0.1,-0.1,0,0,125.5
2023-01-21,10.3,335.2,315,NO,3.5,93,994.6,1.3,-1.3,0,0,113.5
2023-01-22,8.9,293,315,NO,3.5,82.7,990.6,0,0,0,0,252.4
2023-01-23,7.3,341.2,0,N,4.3,89.2,994.7,0.9,-0.9,0,0,121
2023-01-24,8.1,10.8,0,N,4.7,84.9,985.6,5.9,-5.9,0,0,117.1
2023-01-25,7,356.5,0,N,3.5,90.2,980.6,2.8,-2.8,0,0,192.1
2023-01-26,6.6,357.2,0,N,3.8,89.1,976.9,1.3,-1.3,0,0,192.3
2023-01-27,6.4,59.9,45,NE,1.9,88.2,981.1,0.3,-0.3,0.5,5,135.9
2023-01-28,7,343.4,0,N,3.2,87.7,976.3,4,-4,0,0,92.1
2023-01-29,5.5,337,315,NO,2.5,89.9,974.5,11.2,-11.2,0,0,59.3
2023-01-30,6.7,289.6,270,O,2.4,87.4,980.8,5.9,-5.9,1,10,145.9
2023-01-31,8.3,306.8,315,NO,2.9,91.5,986.3,0.7,-0.7,0,0,77.5
2023-02-01,9.3,299.7,315,NO,3.3,91.2,983.9,1.9,-1.9,0,0,73.8
2023-02-02,7.8,320.9,315,NO,3.2,93.6,991,5.6,-5.6,0,0,94.4
2023-02-03,7.8,307.8,315,NO,3.5,91.1,983.2,4.4,-4.4,0,0,88.1
2023-02-04,6.1,289.6,270,O,3,92.7,977.9,0.2,-0.2,0,0,94.7
2023-02-05,3.9,75.9,90,E,2.4,86.7,980.3,0.6,-0.6,0,0,120.8
2023-02-06,4.5,355.2,0,N,2.3,83,985.9,0.6,-0.6,0,0,129.2
2023-02-07,6.4,288.6,270,O,3.2,89,985.4,0.1,-0.1,0,0,141.5
2023-02-08,6.1,38.9,45,NE,4.3,80.1,995.7,2.6,-2.6,0,0,171.4
2023-02-09,9.9,349.9,0,N,4.8,86,986.5,3.3,-3.3,0,0,230.6
2023-02-10,6.8,354.2,0,N,4.9,85.8,990.3,0.5,-0.5,0,0,144.3
2023-02-11,6.9,3.8,0,N,5,81.7,984.6,0.4,-0.4,0,0,84.4
2023-02-12,5.7,344.4,0,N,3.3,92.5,984.3,1.2,-1.2,0,0,125
2023-02-13,3.5,63.1,45,NE,2.5,84.9,985.1,0.3,-0.3,0,0,101.1
2023-02-14,4.9,82.3,90,E,2.8,80.4,987.5,0.4,-0.4,1,10,115.1
2023-02-15,7.5,108.5,90,E,0.9,76.2,997.8,0.1,-0.1,1.5,15,154.6
2023-02-16,3.5,259.1,270,O,2.2,78.8,1006.8,0,0,0,0,101
2023-02-17,8.5,319.4,315,NO,2.8,90.1,1000.1,0.2,-0.2,0,0,69.4
2023-02-18,7.8,335.6,315,NO,3.1,89.2,997.3,0,0,0,0,109
2023-02-19,7.3,296.9,315,NO,3,88.7,987,0.4,-0.4,0,0,99.5
2023-02-20,5.8,268.7,270,O,2.3,74,989.7,0,0,0,0,194.7
2023-02-21,4.9,67,45,NE,2.2,82.8,978.5,5.8,-5.8,0,0,35.8
2023-02-22,5.2,20.3,0,N,3,90.3,976.3,3.8,-3.8,2,20,64.7
2023-02-23,6.8,129.1,135,SE,-1,95.4,982.8,0.6,-0.6,1,10,113.6
2023-02-24,3.8,70.3,90,E,0.8,83.5,989.9,0.7,-0.7,0,0,115.7
2023-02-25,8.1,97.4,90,E,-2.2,72.2,992.1,0,0,0,0,87.5
2023-02-26,3.8,59.2,45,NE,-1.7,65.7,997.2,0,0,0,0,173.1
2023-02-27,5.2,67.1,45,NE,0.7,72,995,0,0,0,0,78
2023-02-28,8.5,40,45,NE,3.1,78.6,987,0.2,-0.2,0,0,35
2023-03-01,4.2,59.7,45,NE,2.1,89.2,970.7,7.5,-7.5,0,0,54.8
2023-03-02,9.2,345.5,0,N,2.2,89.2,970.6,4,-4,0,0,53.4
2023-03-03,3.6,50.8,45,NE,2.8,82.1,975.5,0.2,-0.2,0,0,118.3
2023-03-04,3.1,335.2,315,NO,2.1,81.3,986.7,0.2,-0.2,0,0,126.8
2023-03-05,5.6,335.4,315,NO,2.7,83.9,993.9,0.2,-0.2,0,0,168.4
2023-03-06,4.5,41.4,45,NE,3.3,75.2,989.3,0,0,0,0,96.7
2023-03-07,4.1,47.8,45,NE,2.5,79.5,986.6,0.3,-0.3,0,0,108.7
2023-03-08,7.7,350.9,0,N,3.1,85.8,987.8,1,-1,0,0,50.8
2023-03-09,8.4,2.6,0,N,3.9,82.8,993.9,0.1,-0.1,0,0,93.1
2023-03-10,10.6,6.7,0,N,4.7,86.5,981.4,1.1,-1.1,0,0,67.3
2023-03-11,11.1,344.7,0,N,3.2,85.5,977.1,2.8,-2.8,0,0,89.6
2023-03-12,12.6,340.8,0,N,3.8,83.5,977.3,5.7,-5.7,0,0,101
2023-03-13,9.8,302.1,315,NO,2.5,82.4,982.6,0.3,-0.3,0.5,5,118.2
2023-03-14,5.9,331.4,315,NO,2.6,83.3,991,0,0,0,0,116.2
2023-03-15,7.6,38.1,45,NE,2.3,78.9,989.4,0.7,-0.7,0.2,2,145.8
2023-03-16,6.1,211.8,225,SO,1.6,85.5,987.1,1.2,-1.2,1.5,15,91.5
2023-03-17,3,211.6,225,SO,1.3,73.4,988.1,0,0,0,0,143
2023-03-18,8.7,285,270,O,1.4,82.7,987.4,0,0,0,0,49.7
2023-03-19,6.1,288.7,270,O,1.3,84,978,1,-1,0,0,69.1
2023-03-20,6.9,244.8,225,SO,0.6,82.2,974.2,0,0,0,0,43.9
2023-03-21,9.3,332,315,NO,1.4,84.1,981.2,5.3,-5.3,0,0,65.3
2023-03-22,12.8,293,315,NO,2.4,83.5,967.9,2.3,-2.3,0,0,53.5
2023-03-23,10,264,270,O,1.8,77.6,986.5,0.1,-0.1,0,0,122.1
2023-03-24,9.3,338,0,N,3,92.2,986.2,1.4,-1.4,0,0,47.1
2023-03-25,8.9,312,315,NO,2,89.3,975.4,2.4,-2.4,0,0,38.3
2023-03-26,7.9,283.1,270,O,1.2,84.6,974.2,0.3,-0.3,0,0,44.2
2023-03-27,4.7,250.1,270,O,0.6,76.6,980.6,0,0,0,0,101.7
2023-03-28,3.4,167.6,180,S,-1,75.1,976.4,0,0,1,10,99.1
2023-03-29,7,278.7,270,O,-1.6,77.6,980.6,0,0,2,20,73.2
2023-03-30,9.2,274,270,O,1.7,87.3,983.6,0,0,0,0,37.5
2023-03-31,9.4,285.1,270,O,2,83.7,986.2,0.6,-0.6,0,0,65.5
2023-04-01,8.7,352.3,0,N,3,90,990.2,4.7,-4.7,0,0,24.8
2023-04-02,7.7,341.2,0,N,3.1,92.7,996.5,0,0,0,0,34.6
2023-04-03,13.9,3.6,0,N,6.7,68.7,998.6,0.2,-0.2,0,0,85.2
2023-04-04,13.4,355.5,0,N,3.5,86.1,992.8,2.7,-2.7,0,0,33.6
2023-04-05,11.9,8.8,0,N,4.4,81.1,992.4,13,-13,0,0,43.6
2023-04-06,11.8,336.7,315,NO,3.4,83.3,993.2,0.1,-0.1,0,0,60.5
2023-04-07,7.7,354.9,0,N,2.9,85,984.6,0.3,-0.3,0,0,50
2023-04-08,7.6,308.8,315,NO,1.2,82.6,979.7,0.2,-0.2,0,0,55.4
2023-04-09,6.2,71.8,90,E,-0.9,87.2,978,0.2,-0.2,1,10,35.4
2023-04-10,5.7,69.2,90,E,-1.7,76.8,989.4,0,0,1,10,38
2023-04-11,4.8,159.5,180,S,-2.8,66.2,1004,0,0,0,0,65.5
2023-04-12,2.7,81.6,90,E,-0.9,68.6,1012.9,0,0,0,0,72.8
2023-04-13,3.1,336.6,315,NO,0.6,89.9,1007.5,0,0,0,0,38.1
2023-04-14,6.5,335.1,315,NO,0.5,95,1002.3,0.1,-0.1,0,0,27.4
2023-04-15,9.4,330.9,315,NO,1.7,93.5,994.8,1.8,-1.8,0,0,13.2
2023-04-16,7.4,325.8,315,NO,1.2,92,988.7,0.1,-0.1,0,0,29.1
2023-04-17,7.9,57.5,45,NE,-2,86.1,979.9,0,0,3,30,28.8
2023-04-18,5.7,61.9,45,NE,-4.7,73,986.2,0,0,1,10,40.1
2023-04-19,10.7,5.4,0,N,0.5,85.3,971.7,1.4,-1.4,3,30,33.2
2023-04-20,8.1,334.4,315,NO,1.6,90.1,972.5,0.2,-0.2,0,0,23.2
2023-04-21,4.7,38.2,45,NE,-0.5,89.9,977.6,0.6,-0.6,1,10,34.3
2023-04-22,9.1,347,0,N,0.7,81.9,979.2,4.4,-4.4,0,0,21.4
2023-04-23,8.2,294.4,315,NO,1.5,86.2,977.8,1.3,-1.3,1,10,20
2023-04-24,6.8,305.4,315,NO,1.4,89.5,983.5,0.3,-0.3,1,10,18.8
2023-04-25,7.6,273.9,270,O,0.3,81.3,983.4,0,0,0,0,22.1
2023-04-26,7.8,259.5,270,O,-0.7,73.9,986.7,0,0,0,0,31.5
2023-04-27,4.9,354,0,N,-1,72.4,985.5,0,0,0,0,22.8
2023-04-28,5.3,145.6,135,SE,-1.2,74.5,987.2,0,0,0,0,35.2
2023-04-29,6.1,314.6,315,NO,-1.5,78.6,989.7,0,0,1,10,15.9
2023-04-30,9.4,20.8,0,N,-2,80.8,984.4,0.9,-0.9,1.5,15,22.6
2023-05-01,13.7,342.5,0,N,0.6,86.4,967.7,2.5,-2.5,2,20,9.2
2023-05-02,9.7,325,315,NO,0.4,82.4,968.3,0.3,-0.3,1,10,15
2023-05-03,6.4,250.3,270,O,-1.5,79.6,967.2,0,0,0,0,14.4
2023-05-04,9.8,257.9,270,O,-1.7,74.9,979.7,0,0,0.5,5,25
2023-05-05,9.3,97,90,E,-2.3,82.6,970,0,0,4.5,45,6.5
2023-05-06,9.8,67.3,45,NE,-6.3,90.1,974.7,0,0,0,0,14
2023-05-07,6.4,35.5,45,NE,-0.5,92.2,986.5,1.9,-1.9,0.5,5,7.5
2023-05-08,10.5,346.9,0,N,2.2,92.8,992.4,21,-21,0,0,3
2023-05-09,8,258,270,O,0.7,84.7,992.4,1.4,-1.4,0,0,15.8
2023-05-10,4.6,302.7,315,NO,0.4,93.6,1003.3,0.1,-0.1,0,0,9.6
2023-05-11,13.1,355.9,0,N,2.2,87.6,987.2,8.3,-8.3,0,0,8
2023-05-12,11.6,315.4,315,NO,1.2,84.5,979.9,8.8,-8.8,0,0,6.6
2023-05-13,8,308,315,NO,1,89.3,992.1,0.1,-0.1,0,0,9.3
2023-05-14,10.7,348.3,0,N,2.4,89.5,997.7,0.1,-0.1,0,0,12.9
2023-05-15,17.4,3.4,0,N,3.2,88.7,983.9,15.8,-15.8,0,0,5.6
2023-05-16,5.6,310.2,315,NO,0.3,87.7,980.6,0.2,-0.2,0,0,16.5
2023-05-17,4.9,28.4,45,NE,0.1,72.9,978.6,0,0,0,0,18.5
2023-05-18,11.5,343.7,0,N,1.3,88.6,971.3,1.3,-1.3,1,10,5.8
2023-05-19,7.7,296.9,315,NO,0.5,88,980.5,0,0,0,0,5.8
2023-05-20,7.7,327.7,315,NO,0.4,77.6,989.5,0,0,0,0,11.7
2023-05-21,9.1,359.3,0,N,2.5,87,980.9,0.6,-0.6,0,0,7.8
2023-05-22,5.9,310.3,315,NO,1.3,83.8,995.7,0,0,0,0,6.9
2023-05-23,7.2,346.2,0,N,1.6,80.8,1001.1,0,0,0,0,13.7
2023-05-24,6.6,15.8,0,N,1.4,77.8,997,0,0,0,0,9.4
2023-05-25,7.5,57,45,NE,1.9,82.8,984.5,0.2,-0.2,0,0,10.4
2023-05-26,4.8,353,0,N,0.8,87.6,979.5,0.1,-0.1,0,0,12.2
2023-05-27,4.1,295.4,315,NO,-1.1,89.5,981.1,0,0,2,20,5.5
2023-05-28,5,16.3,0,N,-3,84.8,990.9,0,0,0.5,5,3.9
2023-05-29,6.2,55.2,45,NE,-4.8,76.4,998.7,0,0,0,0,4.5
2023-05-30,9.4,78.2,90,E,-2.8,80.9,993.5,0,0,7,70,3.8
2023-05-31,7.7,11.6,0,N,2.5,86.8,981.6,6.6,-6.6,5.5,55,3.8
2023-06-01,9.8,342.2,0,N,2.1,90.7,992.7,2.3,-2.3,0,0,2.3
2023-06-02,7.4,40,45,NE,2.8,81.5,1000.8,0.3,-0.3,0,0,6.2
2023-06-03,10,17.5,0,N,3.1,84,998.6,4.6,-4.6,0,0,4.6
2023-06-04,4.9,29.5,45,NE,1.9,85,1000.6,0,0,0,0,3.9
2023-06-05,2.7,319.8,315,NO,-1.2,90.2,998.9,0,0,0,0,5.4
2023-06-06,13.3,104.2,90,E,-3.5,88.3,988,0.1,-0.1,6,60,1.9
2023-06-07,14.8,108,90,E,-7.5,88.1,991.3,0,0,10,100,2
2023-06-08,11.5,103.6,90,E,-7,79.3,995.9,0,0,1.5,15,5.9
2023-06-09,6.6,100.8,90,E,-5.7,74.8,992.5,0,0,0,0,3.3
2023-06-10,5.1,78.1,90,E,-4.3,83.7,980.6,0,0,0,0,3.7
2023-06-11,7,111.8,90,E,-7,76.9,981.2,0,0,0,0,3.8
2023-06-12,3.4,87.4,90,E,-6.1,72.8,988.2,0,0,0,0,3.2
2023-06-13,2.9,41,45,NE,-4.9,71.2,997.8,0,0,0,0,8.2
2023-06-14,5.8,34.3,45,NE,-1.3,78.8,992.3,0,0,2,20,1.9
2023-06-15,7.5,84.1,90,E,-3.8,90.5,990,0,0,4,40,3.4
2023-06-16,5.3,57.5,45,NE,-1.8,89.8,991.6,0,0,0,0,3.2
2023-06-17,9,11.1,0,N,0.2,83.4,990.4,3.5,-3.5,0,0,3.5
2023-06-18,8.8,312.9,315,NO,-0.3,83.4,984.8,0,0,1,10,1.5
2023-06-19,12.3,286.7,270,O,-0.6,85.6,979.8,0,0,3,30,3.4
2023-06-20,6.8,301.6,315,NO,-3.1,79,993.1,0,0,2,20,3.4
2023-06-21,11.1,88.5,90,E,-7.9,84.8,996.7,0,0,2,20,4.4
2023-06-22,17.3,105.2,90,E,-13.7,83.6,988.6,0.2,-0.2,3,30,1.4
2023-06-23,6,52.8,45,NE,-9.1,76,995.2,0,0,0,0,4.2
2023-06-24,4.5,304.3,315,NO,-3.5,90.1,992,0,0,2,20,3.4
2023-06-25,9.3,85,90,E,-10.7,74.5,995.8,0,0,1,10,5.3
2023-06-26,3.5,56.7,45,NE,-7.4,74.3,1007.3,0,0,0,0,7.7
2023-06-27,3.7,241.1,225,SO,-4.4,68.2,1011.3,0,0,0,0,3.6
2023-06-28,6.1,258.5,270,O,-2.3,79.7,1010.2,0,0,0,0,3.6
2023-06-29,7.8,271.5,270,O,-1.7,83.9,1012.8,0,0,0,0,3.3
2023-06-30,5.9,61.9,45,NE,-2.2,81.5,1013.2,0,0,0.2,2,2.6
2023-07-01,8.1,26.6,45,NE,0.3,81.7,1010.5,0.3,-0.3,0,0,3.4
2023-07-02,13.2,33.5,45,NE,2.8,83.4,993.4,25.2,-25.2,0,0,2.7
2023-07-03,14.2,1,0,N,2.7,81.8,986.3,1.3,-1.3,0,0,3.8
2023-07-04,5.5,32.4,45,NE,1,89.5,981.1,1.8,-1.8,2,20,2.8
2023-07-05,7.9,27.4,45,NE,-3.2,84.4,990.9,0,0,2.5,25,4.5
2023-07-06,7.6,91.4,90,E,-4.2,76.1,992.7,0,0,0,0,4.9
2023-07-07,5.7,39.5,45,NE,-6.6,80.3,998.5,0,0,0,0,6.2
2023-07-08,3.7,354.7,0,N,-4.6,86.4,1001.5,0,0,0,0,6.5
2023-07-09,5.1,8.9,0,N,-5.7,87,1004.2,0,0,0,0,6.9
2023-07-10,2.6,6,0,N,-3.8,89.5,1008.6,0,0,0,0,10.9
2023-07-11,4.2,343.7,0,N,-2.5,92.3,1016.5,0,0,0,0,6.8
2023-07-12,6,330.6,315,NO,-1.3,91.7,1021.4,0,0,0,0,7.9
2023-07-13,9.5,356.4,0,N,-0.5,82,1018.8,0,0,0,0,11
2023-07-14,10.7,11.1,0,N,0.5,88.4,1015.4,0.4,-0.4,0,0,4.9
2023-07-15,9.7,5.5,0,N,-1.3,85.2,1010.5,0,0,0,0,11.4
2023-07-16,8.1,344.5,0,N,-0.8,88.7,1005.1,0,0,0,0,8.8
2023-07-17,10.7,330.4,315,NO,-0.4,96.7,987,0,0,3,30,3.8
2023-07-18,7.4,269.2,270,O,-2.3,81.5,984.6,0,0,2,20,8.7
2023-07-19,9.5,324.2,315,NO,-1.7,78.5,990.2,0,0,2.5,25,7
2023-07-20,11.5,94.3,90,E,-12.4,84.3,985,0,0,4.5,45,7.2
2023-07-21,7.3,72.9,90,E,-13.8,76.5,988.1,0,0,2.5,25,8.1
2023-07-22,4.6,265.9,270,O,-7.3,71.3,994,0,0,0,0,16.5
2023-07-23,5.7,238.8,225,SO,-2.8,75.4,999.7,0,0,0,0,7.3
2023-07-24,8.8,276.1,270,O,-0.6,84.2,1004.2,0,0,0,0,10.6
2023-07-25,10.4,298.2,315,NO,-1.1,84.1,992.1,0,0,0,0,7.5
2023-07-26,10.8,267.3,270,O,-2.6,76.8,992.6,0,0,1.5,15,11
2023-07-27,12.2,288.9,270,O,-0.7,85.1,985.1,0,0,5,50,5.4
2023-07-28,8.7,294.4,315,NO,-1.1,81.5,979.5,0,0,3,30,7.7
2023-07-29,14.1,96.3,90,E,-6.7,88.8,957.5,0,0,4,40,5.9
2023-07-30,8.4,237.9,225,SO,-6.8,79.1,968.8,0,0,1.5,15,15.2
2023-07-31,8,284.5,270,O,-2.1,81.7,981,0,0,0,0,13.1
2023-08-01,8.9,10.1,0,N,0.2,87.6,964.9,0,0,2,20,9.5
2023-08-02,8.4,241.1,225,SO,-4.9,77.6,962.4,0,0,3,30,18.9
2023-08-03,7.5,110.6,90,E,-7.8,73.9,964.9,0,0,1,10,11.5
2023-08-04,5.8,220.9,225,SO,-8.6,66.8,975.6,0,0,0,0,25.1
2023-08-05,6.1,66.6,45,NE,-8.4,74.7,984,0,0,0,0,19.3
2023-08-06,7.7,245.9,225,SO,-6.1,73.5,983.5,0,0,0,0,19.4
2023-08-07,9.7,248.5,270,O,-3.7,79.8,991.6,0,0,2,20,16.8
2023-08-08,4.8,300.7,315,NO,-2.5,90,994.6,0,0,0,0,17.3
2023-08-09,12.1,358.1,0,N,-0.1,88.3,988,5.2,-5.2,5,50,11.4
2023-08-10,7.6,276.5,270,O,-2.9,88.7,982.3,0,0,2,20,20.4
2023-08-11,11,287.5,270,O,-2.5,81.2,988.9,0,0,0,0,12.8
2023-08-12,11.1,263.6,270,O,-3.7,71.5,986.9,0,0,0,0,19.6
2023-08-13,9,326.2,315,NO,-0.8,91,984.1,0,0,2,20,14.9
2023-08-14,8.5,340.5,0,N,-1.5,94.9,976.5,0,0,3,30,13.5
2023-08-15,4.7,229.5,225,SO,-4.5,79.7,991.6,0,0,0,0,13.8
2023-08-16,6.5,259.1,270,O,-2.3,81.5,1003.8,0,0,0,0,35.8
2023-08-17,6.4,288.2,270,O,-1,93,1013.9,0,0,0,0,21.1
2023-08-18,9.4,318.5,315,NO,-0.6,90.3,1015.1,0,0,0,0,30.4
2023-08-19,11.2,350.5,0,N,0.1,92.2,1007.6,0.2,-0.2,2,20,20.4
2023-08-20,9.6,351.6,0,N,0,94.9,999.5,0,0,1,10,22.3
2023-08-21,16.3,2.6,0,N,0.2,92.7,990.1,0,0,3,30,20.1
2023-08-22,15.3,7.4,0,N,-0.3,97.6,982,0.1,-0.1,5,50,22.5
2023-08-23,9.1,349.8,0,N,-1.8,95.7,974.6,0,0,3,30,32.9
2023-08-24,4.5,135.8,135,SE,-6.5,86.9,973.8,0,0,2,20,20.4
2023-08-25,10.9,241.4,225,SO,-8.7,75.9,979.4,0,0,0,0,23.6
2023-08-26,5.4,253.8,270,O,-6.4,70.9,989.4,0,0,0,0,29.4
2023-08-27,8.2,29.7,45,NE,-1.8,82.6,988.4,0,0,3,30,29.9
2023-08-28,2.5,84.6,90,E,-1.9,93.6,987.1,0,0,2,20,32.6
2023-08-29,6.8,70.2,90,E,-4.9,83,997.8,0,0,0,0,48.1
2023-08-30,11.6,87.7,90,E,-2.1,89.1,994.7,0,0,4,40,22
2023-08-31,11.3,83.1,90,E,-1.6,93.9,972.1,0,0,4,40,21.8
2023-09-01,12.5,87.1,90,E,-6.3,89.6,980.1,0,0,7,70,25.1
2023-09-02,7.9,80.5,90,E,-8.5,80.6,993.4,0,0,3,30,63.1
2023-09-03,6,70.7,90,E,-5.8,82.5,993.3,0,0,2,20,35
2023-09-04,7.7,96.3,90,E,-12.2,81.4,1003.4,0,0,5,50,64.4
2023-09-05,3.4,277.4,270,O,-5.1,80.5,1013.5,0,0,0,0,43.2
2023-09-06,6.1,290.5,270,O,-2.2,84.5,1020.8,0,0,0,0,89.8
2023-09-07,6.8,309.7,315,NO,-0.8,83.7,1022,0,0,0,0,43.6
2023-09-08,5.3,331.4,315,NO,-0.6,88.2,1018,0,0,0,0,48.8
2023-09-09,2,92.6,90,E,-2.6,89.1,1008.1,0,0,0,0,103.2
2023-09-10,3.9,68.9,90,E,-2.9,79.1,1004,0,0,0,0,96.5
2023-09-11,6.4,82.7,90,E,-5,83,1005,0.1,-0.1,1,10,77.7
2023-09-12,4.1,59.2,45,NE,-6.3,66.6,1009.4,0,0,0,0,65
2023-09-13,3.9,32.7,45,NE,-3,75.9,1001.6,0,0,0,0,73.9
2023-09-14,7.7,111.9,90,E,-4,89.3,989.1,0,0,2,20,40.8
2023-09-15,13.6,102.4,90,E,-10.1,81.6,988.9,0,0,3,30,71.1
2023-09-16,12,112,90,E,-13.3,72.9,1003.4,0,0,0,0,78.3
2023-09-17,2.9,181.1,180,S,-8,68.7,1007.4,0,0,0,0,59.7
2023-09-18,4.8,278.3,270,O,-5,77.3,1001.9,0,0,2,20,55.3
2023-09-19,7.9,253.1,270,O,-4.2,80.4,987.5,0,0,3,30,78.2
2023-09-20,7.7,79.4,90,E,-11.2,72.1,992.1,0,0,3,30,71.3
2023-09-21,6.2,257.3,270,O,-5.8,74.2,989.2,0,0,0,0,57
2023-09-22,5.8,269.3,270,O,-2.8,88,978.4,0,0,3,30,44.2
2023-09-23,8,91.1,90,E,-8.2,81.6,984.3,0,0,2,20,64.2
2023-09-24,8.7,341.8,0,N,-3.8,83.7,991.8,0,0,0,0,78.6
2023-09-25,7.7,319.1,315,NO,-0.9,89.3,986.6,0,0,1,10,82.4
2023-09-26,12.5,332.8,315,NO,-0.4,90.5,975.8,0.5,-0.5,3,30,67.2
2023-09-27,10.5,298.7,315,NO,-1.3,85.5,981.4,0,0,2,20,71.3
2023-09-28,13.7,291.7,270,O,-0.6,81.8,981.6,0,0,2,20,87.5
2023-09-29,10.2,337.5,315,NO,0,91.8,993.4,3.7,-3.7,1,10,53.2
2023-09-30,14.1,354.6,0,N,2.6,87.7,989.7,16.8,-16.8,0,0,29.5
2023-10-01,8.8,343.8,0,N,0.2,90.7,982.8,0.2,-0.2,0,0,64.9
2023-10-02,7.3,283.8,270,O,-1.1,79.4,987,0,0,1,10,76.8
2023-10-03,10.9,333,315,NO,-0.5,94.8,984.7,0,0,4,40,44
2023-10-04,12.7,320.5,315,NO,-0.3,97.9,961.6,0.3,-0.3,8,80,48.4
2023-10-05,8.2,344.9,0,N,-0.1,94.8,969.5,0.8,-0.8,3,30,38.6
2023-10-06,8.4,341.7,0,N,-0.8,87.7,969.6,0,0,0,0,88.5
2023-10-07,13.9,92.3,90,E,-5.9,87.8,958.7,0,0,5,50,60.5
2023-10-08,16.2,94.8,90,E,-9,86.6,963.8,0,0,6,60,78.2
2023-10-09,7.3,81.9,90,E,-8.1,76.9,982,0,0,1,10,156.8
2023-10-10,5.6,62,45,NE,-5.9,75.2,994.2,0,0,0,0,108.6
2023-10-11,5.3,261.4,270,O,-3.3,77.9,988.5,0,0,0,0,96.2
2023-10-12,9.4,248.8,270,O,-0.9,82.9,977.3,0,0,1,10,135
2023-10-13,10.9,235.1,225,SO,-2.7,81,972.2,0,0,1.5,15,76.9
2023-10-14,5.4,246.2,225,SO,-4.4,66,981,0,0,1,10,111.4
2023-10-15,7.8,287.6,270,O,-0.7,87.9,972.9,0,0,1.5,15,83
2023-10-16,9.5,307.9,315,NO,-0.7,89.1,978.1,0,0,1.5,15,99.6
2023-10-17,9.5,277.3,270,O,-1,77.6,980,0,0,0.5,5,146
2023-10-18,9.4,341.3,0,N,0.2,91.8,978.2,2.9,-2.9,0,0,69.6
2023-10-19,12.4,309.8,315,NO,0.5,81.4,983.1,3.7,-3.7,0,0,188
2023-10-20,7.5,285.6,270,O,-1.3,72.1,995.9,0,0,0,0,151.2
2023-10-21,7.2,338.3,0,N,-0.2,93.5,986.3,1.7,-1.7,0,0,90.5
2023-10-22,5.6,274.7,270,O,-2.9,79.8,999,0,0,0,0,123.8
2023-10-23,10.8,317.1,315,NO,0.3,95.1,994.9,0.8,-0.8,0,0,51.2
2023-10-24,4.6,339.7,0,N,-0.2,91.4,988,1.4,-1.4,1,10,68.9
2023-10-25,14.1,101.5,90,E,-4.9,91.3,970.7,0,0,6,60,46.4
2023-10-26,14.1,108.5,90,E,-7.9,84.8,974.8,0,0,3,30,142.1
2023-10-27,8.7,85.7,90,E,-6.8,77.5,988.4,0,0,2,20,204.7
2023-10-28,18.6,105.1,90,E,-8.9,83.1,986.8,0.1,-0.1,3,30,119
2023-10-29,7,102.4,90,E,-6.9,67.8,1001,0,0,0,0,240.2
2023-10-30,7.7,279,270,O,-0.9,83.9,998.3,0,0,0,0,141.7
2023-10-31,12.3,276.2,270,O,0.1,85.6,991.4,0,0,0,0,148.1
2023-11-01,10.2,268.5,270,O,-1.7,86.9,979.9,0,0,1,10,97.4
2023-11-02,7.9,279,270,O,-2.3,78.5,979.4,0,0,1,10,201.5
2023-11-03,8.2,289.6,270,O,-0.7,83.8,983.6,0,0,1,10,163.9
2023-11-04,11.4,346.9,0,N,1.1,88.7,988,15.8,-15.8,0,0,101.9
2023-11-05,11.5,344.3,0,N,0.8,88.3,978.1,9.7,-9.7,0,0,123.2
2023-11-06,9.9,347.6,0,N,0.9,86.5,986.7,0,0,0,0,268.5
2023-11-07,10,319.7,315,NO,0.2,88.1,983.2,1.1,-1.1,1,10,144.2
2023-11-08,11,310.3,315,NO,-0.5,79.4,988.5,0,0,0,0,161
2023-11-09,11.2,345.4,0,N,0.6,92.2,981.5,1.2,-1.2,0,0,114.6
2023-11-10,9.7,343.3,0,N,0.6,94.2,979,6.3,-6.3,0,0,86.1
2023-11-11,6.9,318.1,315,NO,0,85.9,984.7,0,0,0,0,236.7
2023-11-12,13.8,348.2,0,N,0.8,83.8,985.7,3,-3,1,10,222.6
2023-11-13,11.5,346.3,0,N,0.7,90.4,977.2,10.5,-10.5,2,20,119.9
2023-11-14,5.8,299.5,315,NO,-0.2,76.2,981.1,0,0,0,0,317.8
2023-11-15,5.2,259.5,270,O,-1.5,69.7,984,0,0,0,0,145.9
2023-11-16,2.2,220.2,225,SO,-1.3,60.3,985.1,0,0,0,0,227
2023-11-17,3.9,64.3,45,NE,-0.9,73.6,991.3,0,0,1,10,185.9
2023-11-18,6.9,95.8,90,E,-1.8,76,995.2,0,0,1.5,15,98.9
2023-11-19,11.3,131.2,135,SE,-2.4,81,995.2,0,0,2,20,110.8
2023-11-20,9.8,153.4,135,SE,-1.2,80.9,986,0,0,1,10,98.5
2023-11-21,4.5,150.5,135,SE,-0.9,87,983.5,0.3,-0.3,1,10,195.8
2023-11-22,3.5,304.8,315,NO,-0.3,85.9,986.9,0,0,0,0,191
2023-11-23,5.8,313,315,NO,-0.5,79.6,991.1,0,0,0,0,147.7
2023-11-24,7.5,290.3,270,O,0.3,85.9,986.8,0,0,0,0,130.7
2023-11-25,5,86.8,90,E,0.1,85.3,976.3,1.6,-1.6,1.5,15,112.7
2023-11-26,7.8,233.3,225,SO,-0.5,82.5,977.4,0.9,-0.9,1,10,250.2
2023-11-27,6.3,329.4,315,NO,0.4,89.2,993.1,0.3,-0.3,0,0,167.5
2023-11-28,8.2,7.2,0,N,2.7,85.4,987.3,3.8,-3.8,0,0,133.2
2023-11-29,5.6,326.6,315,NO,0.7,94.5,976.1,0.5,-0.5,0,0,143.4
2023-11-30,4.1,343.4,0,N,1.6,87.3,978.3,0.3,-0.3,0,0,317.8
2023-12-01,4.3,322.9,315,NO,0.8,88.5,988.6,1,-1,0,0,286.9
2023-12-02,2.8,181.6,180,S,-0.1,90.2,993.7,0,0,0,0,223.1
2023-12-03,3.6,301.8,315,NO,-0.2,83.9,988.7,0,0,0,0,303.4
2023-12-04,3.6,341.6,0,N,-0.4,88.9,979.7,0,0,0,0,107.2
2023-12-05,7.4,134.9,135,SE,-0.7,90.4,969.2,0.1,-0.1,0,0,228.2
2023-12-06,5.5,229,225,SO,0.5,77.2,985.1,0,0,0,0,382
2023-12-07,6,241.3,225,SO,0.7,77.4,996.1,0,0,0,0,284.6
2023-12-08,7.4,303.2,315,NO,0.9,94.8,995.5,0,0,0,0,143.6
2023-12-09,8.5,321.9,315,NO,1.3,92,991.3,0.4,-0.4,0,0,239.1
2023-12-10,8.1,303.2,315,NO,1,88.9,983.4,0.2,-0.2,0,0,185.3
2023-12-11,8.5,327.8,315,NO,1.6,89.3,989.3,1,-1,0,0,168.5
2023-12-12,9.2,348.1,0,N,1.8,93.2,982.5,2.2,-2.2,0,0,114.4
2023-12-13,8.3,335.7,315,NO,1.4,93,973.3,2.4,-2.4,0,0,135.3
2023-12-14,8.6,336.2,315,NO,2.3,87.5,983.7,0.6,-0.6,0,0,143.9
2023-12-15,4.7,57.4,45,NE,3.8,83,987.7,0.3,-0.3,0,0,284.9
2023-12-16,4.5,119.4,135,SE,1.5,89.2,987.6,0.4,-0.4,0,0,160.5
2023-12-17,4.8,305.8,315,NO,1.2,90.1,998.1,0.3,-0.3,0,0,109
2023-12-18,10.7,321.3,315,NO,1.7,95,990.9,0.3,-0.3,0,0,141.5
2023-12-19,9.7,272.4,270,O,1.4,86.5,988.3,0,0,0,0,155.4
2023-12-20,4.9,274.5,270,O,1.4,81.1,989.5,0,0,0,0,289.9
2023-12-21,6.6,296.6,315,NO,1.5,83,987.8,0.7,-0.7,0,0,256.1
2023-12-22,6,283.6,270,O,1.5,83.3,984.2,0,0,0,0,179.5
2023-12-23,3.9,83,90,E,1.2,82,982.9,0.1,-0.1,0,0,221.9
2023-12-24,4.6,251.3,270,O,1.4,81.7,985.7,0.1,-0.1,0,0,215.5
2023-12-25,8.9,317.2,315,NO,1.6,85.9,975.9,1,-1,0,0,128
2023-12-26,7.9,263.9,270,O,1.4,84.5,970.5,0,0,0,0,224.7
2023-12-27,4.8,186.4,180,S,1.7,77.1,969.9,0,0,0,0,227
2023-12-28,3.4,77.9,90,E,1.8,71.9,986.2,0,0,0,0,223.1
2023-12-29,4.2,325.9,315,NO,1.6,78.3,996.9,0,0,0,0,281.2
2023-12-30,3.9,42.4,45,NE,1.1,73.9,993.1,0,0,0,0,166.7
2023-12-31,4.1,49.5,45,NE,2.2,75.1,989.5,0.1,-0.1,0,0,166.8